OBJECT_ID,ALARM_ID,ALARM_LVL,ALARM_DESC
OHCV,2,1,[M40002][SYS_A]Interlock
OHCV,3,1,[M40003][SYS_A]AIR Low
OHCV,4,1,[M40004][SYS_A]Vaccum Low
OHCV,10,1,[M40010][SYS_A]P7 GlassIndex ERROR
OHCV,11,1,[M40011][SYS_A]P9 GlassIndex ERROR
OHCV,20,1,[M40020][SYS_A]EMO觸發_MAIN
OHCV,21,1,[M40021][SYS_A]EMO觸發_AGV Station
OHCV,22,1,[M40022][SYS_A]EMO觸發_手持人機
OHCV,100,1,[M40100][SYS_W]運轉入 未啟動
OHCV,101,1,[M40101][SYS_W]Block#1 Local Ctrl Mode
OHCV,102,1,[M40102][SYS_W]Block#2 Local Ctrl Mode
OHCV,103,1,[M40103][SYS_W]Block#3 Local Ctrl Mode
OHCV,104,1,[M40104][SYS_W]Block#4 Local Ctrl Mode
OHCV,105,1,[M40105][SYS_W]CtrlMode Sys&Blk#1相異
OHCV,106,1,[M40106][SYS_W]CtrlMode Sys&Blk#2相異
OHCV,107,1,[M40107][SYS_W]CtrlMode Sys&Blk#3相異
OHCV,108,1,[M40108][SYS_W]CtrlMode Sys&Blk#4相異
OHCV,109,1,[M40109][SYS_W]PLC     Batter  Low
OHCV,110,1,[M40110][SYS_W]CC_LINK Link_ERR
OHCV,111,1,[M40111][SYS_W]IE Field#1通信異常(OHT)
OHCV,112,1,[M40112][SYS_W]IE Field#2通信異常(Loop)
OHCV,113,1,[M40113][SYS_W]維修模式中
OHCV,114,1,[M40114][SYS_W]HISTORY表單超出範圍
OHCV,115,1,[M40115][SYS_W]CIM     Message
OHCV,116,1,[M40116][SYS_W]SV群組設定超出範圍
OHCV,117,1,[M40117][SYS_W]Block#5 Local Ctrl Mode
OHCV,118,1,[M40118][SYS_W]CtrlMode Sys&Blk#5相異
OHCV,199,1,[M40199][SYS_W]回報暫存ZR總量超出範圍
OHCV,213,2,[M40213][EVU1]位置10超時
OHCV,214,2,[M40214][EVU1]位置11超時
OHCV,215,2,[M40215][EVU1]位置12超時
OHCV,216,2,[M40216][EVU1]  0度超時
OHCV,217,2,[M40217][EVU1] 90度超時
OHCV,218,2,[M40218][EVU1]180度超時
OHCV,219,2,[M40219][EVU1]270度超時
OHCV,220,2,[M40220][EVU1]PIN上位超時
OHCV,221,2,[M40221][EVU1]PIN下位超時
OHCV,226,2,[M40226][EVU1]真空吸超時
OHCV,227,2,[M40227][EVU1]真空破超時
OHCV,228,2,[M40228][EVU1]電動缸位置1超時
OHCV,229,2,[M40229][EVU1]電動缸位置2超時
OHCV,230,2,[M40230][EVU1]電動缸位置3超時
OHCV,231,2,[M40231][EVU1]電動缸位置4超時
OHCV,232,2,[M40232][EVU1]上游異常進入
OHCV,233,2,[M40233][EVU1]下游異常進入
OHCV,234,1,[M40234][EVU1]維修門開啟
OHCV,235,2,[M40235][EVU1]任務動作重複
OHCV,236,2,[M40236][EVU1]空運轉有物
OHCV,237,2,[M40237][EVU1]動作超時
OHCV,238,2,[M40238][EVU1]動作超時
OHCV,239,2,[M40239][EVU1]動作超時
OHCV,240,2,[M40240][EVU1]上游交握異常
OHCV,241,2,[M40241][EVU1]下游交握異常
OHCV,243,2,[M40243][EVU1]受入定位超時
OHCV,244,2,[M40244][EVU1]程序動作超時
OHCV,245,2,[M40245][EVU1]動作任務重複
OHCV,250,1,[M40250][EVU1]動力未啟動
OHCV,258,2,[M40258][EVU1]位置CV1-1Sensor未ON
OHCV,259,2,[M40259][EVU1]位置CV4-2Sensor未ON
OHCV,260,2,[M40260][EVU1]位置CV2-2Sensor未ON
OHCV,261,2,[M40261][EVU1]位置CV3-1Sensor未ON
OHCV,262,2,[M40262][EVU1]位置CV4-1Sensor未ON
OHCV,263,2,[M40263][EVU1]位置6Sensor未ON
OHCV,264,2,[M40264][EVU1]位置7Sensor未ON
OHCV,265,2,[M40265][EVU1]位置8Sensor未ON
OHCV,266,2,[M40266][EVU1]  0度Sensor未ON
OHCV,267,2,[M40267][EVU1] 90度Sensor未ON
OHCV,268,2,[M40268][EVU1]180度Sensor未ON
OHCV,269,2,[M40269][EVU1]270度Sensor未ON
OHCV,278,2,[M40278][EVU1]電動缸位置1Sensor未ON
OHCV,279,2,[M40279][EVU1]電動缸位置2Sensor未ON
OHCV,280,2,[M40280][EVU1]電動缸位置3Sensor未ON
OHCV,281,2,[M40281][EVU1]電動缸位置4Sensor未ON
OHCV,300,2,[M40300][CVU2]GLS Without Data
OHCV,301,2,[M40301][CVU2]Data Without GLS
OHCV,302,2,[M40302][CVU2]受入超時
OHCV,303,2,[M40303][CVU2]送出超時
OHCV,304,2,[M40304][CVU2]位置1超時
OHCV,305,2,[M40305][CVU2]位置2超時
OHCV,306,2,[M40306][CVU2]位置3超時
OHCV,307,2,[M40307][CVU2]位置4超時
OHCV,308,2,[M40308][CVU2]位置5超時
OHCV,309,2,[M40309][CVU2]位置6超時
OHCV,310,2,[M40310][CVU2]BOX投入超時
OHCV,311,2,[M40311][CVU2]BOX取出超時
OHCV,312,2,[M40312][CVU2]位置9超時
OHCV,313,2,[M40313][CVU2]位置10超時
OHCV,314,2,[M40314][CVU2]位置11超時
OHCV,315,2,[M40315][CVU2]位置12超時
OHCV,316,2,[M40316][CVU2]  0度超時
OHCV,317,2,[M40317][CVU2] 90度超時
OHCV,318,2,[M40318][CVU2]180度超時
OHCV,319,2,[M40319][CVU2]270度超時
OHCV,320,2,[M40320][CVU2]PIN上位超時
OHCV,321,2,[M40321][CVU2]PIN下位超時
OHCV,326,2,[M40326][CVU2]真空吸超時
OHCV,327,2,[M40327][CVU2]真空破超時
OHCV,328,2,[M40328][CVU2]電動缸位置1超時
OHCV,329,2,[M40329][CVU2]電動缸位置2超時
OHCV,330,2,[M40330][CVU2]電動缸位置3超時
OHCV,331,2,[M40331][CVU2]電動缸位置4超時
OHCV,332,2,[M40332][CVU2]上游異常進入
OHCV,333,2,[M40333][CVU2]下游異常進入
OHCV,334,1,[M40334][CVU2]維修門開啟
OHCV,335,2,[M40335][CVU2]任務動作重複
OHCV,336,2,[M40336][CVU2]空運轉有物
OHCV,337,2,[M40337][CVU2]動作超時
OHCV,338,2,[M40338][CVU2]動作超時
OHCV,339,2,[M40339][CVU2]動作超時
OHCV,340,2,[M40340][CVU2]上游交握異常
OHCV,341,2,[M40341][CVU2]下游交握異常
OHCV,342,2,[M40342][CVU2]人員投入BOX位置異常
OHCV,343,2,[M40343][CVU2]受入定位超時
OHCV,344,2,[M40344][CVU2]程序動作超時
OHCV,345,2,[M40345][CVU2]動作任務重複
OHCV,350,2,[M40350][CVU2]動力未啟動
OHCV,358,2,[M40358][CVU2]位置1Sensor未ON
OHCV,359,2,[M40359][CVU2]位置2Sensor未ON
OHCV,360,2,[M40360][CVU2]位置3Sensor未ON
OHCV,361,2,[M40361][CVU2]位置4Sensor未ON
OHCV,362,2,[M40362][CVU2]位置5Sensor未ON
OHCV,363,2,[M40363][CVU2]位置6Sensor未ON
OHCV,364,2,[M40364][CVU2]位置7Sensor未ON
OHCV,365,2,[M40365][CVU2]位置8Sensor未ON
OHCV,366,2,[M40366][CVU2]  0度Sensor未ON
OHCV,367,2,[M40367][CVU2] 90度Sensor未ON
OHCV,368,2,[M40368][CVU2]180度Sensor未ON
OHCV,369,2,[M40369][CVU2]270度Sensor未ON
OHCV,378,2,[M40378][CVU2]電動缸位置1Sensor未ON
OHCV,379,2,[M40379][CVU2]電動缸位置2Sensor未ON
OHCV,380,2,[M40380][CVU2]電動缸位置3Sensor未ON
OHCV,381,2,[M40381][CVU2]電動缸位置4Sensor未ON
OHCV,400,2,[M40400][CVU3]GLS Without Data
OHCV,401,2,[M40401][CVU3]Data Without GLS
OHCV,402,2,[M40402][CVU3]受入超時
OHCV,403,2,[M40403][CVU3]送出超時
OHCV,404,2,[M40404][CVU3]位置1超時
OHCV,405,2,[M40405][CVU3]位置2超時
OHCV,406,2,[M40406][CVU3]位置3超時
OHCV,407,2,[M40407][CVU3]位置4超時
OHCV,408,2,[M40408][CVU3]位置5超時
OHCV,409,2,[M40409][CVU3]位置6超時
OHCV,410,2,[M40410][CVU3]位置7超時
OHCV,411,2,[M40411][CVU3]位置8超時
OHCV,412,2,[M40412][CVU3]位置9超時
OHCV,413,2,[M40413][CVU3]位置10超時
OHCV,414,2,[M40414][CVU3]位置11超時
OHCV,415,2,[M40415][CVU3]位置12超時
OHCV,416,2,[M40416][CVU3]  0度超時
OHCV,417,2,[M40417][CVU3] 90度超時
OHCV,418,2,[M40418][CVU3]180度超時
OHCV,419,2,[M40419][CVU3]270度超時
OHCV,420,2,[M40420][CVU3]PIN上位超時
OHCV,421,2,[M40421][CVU3]PIN下位超時
OHCV,426,2,[M40426][CVU3]真空吸超時
OHCV,427,2,[M40427][CVU3]真空破超時
OHCV,428,2,[M40428][CVU3]電動缸位置1超時
OHCV,429,2,[M40429][CVU3]電動缸位置2超時
OHCV,430,2,[M40430][CVU3]電動缸位置3超時
OHCV,431,2,[M40431][CVU3]電動缸位置4超時
OHCV,432,2,[M40432][CVU3]上游異常進入
OHCV,433,2,[M40433][CVU3]下游異常進入
OHCV,434,1,[M40434][CVU3]維修門開啟
OHCV,435,2,[M40435][CVU3]任務動作重複
OHCV,436,2,[M40436][CVU3]空運轉有物
OHCV,437,2,[M40437][CVU3]動作超時
OHCV,438,2,[M40438][CVU3]動作超時
OHCV,439,2,[M40439][CVU3]動作超時
OHCV,440,2,[M40440][CVU3]上游交握異常
OHCV,441,2,[M40441][CVU3]下游交握異常
OHCV,443,2,[M40443][CVU3]受入定位超時
OHCV,444,2,[M40444][CVU3]程序動作超時
OHCV,445,2,[M40445][CVU3]動作任務重複
OHCV,450,2,[M40450][CVU3]動力未啟動
OHCV,458,2,[M40458][CVU3]位置1Sensor未ON
OHCV,459,2,[M40459][CVU3]位置2Sensor未ON
OHCV,460,2,[M40460][CVU3]位置3Sensor未ON
OHCV,461,2,[M40461][CVU3]位置4Sensor未ON
OHCV,462,2,[M40462][CVU3]位置5Sensor未ON
OHCV,463,2,[M40463][CVU3]位置6Sensor未ON
OHCV,464,2,[M40464][CVU3]位置7Sensor未ON
OHCV,465,2,[M40465][CVU3]位置8Sensor未ON
OHCV,466,2,[M40466][CVU3]  0度Sensor未ON
OHCV,467,2,[M40467][CVU3] 90度Sensor未ON
OHCV,468,2,[M40468][CVU3]180度Sensor未ON
OHCV,469,2,[M40469][CVU3]270度Sensor未ON
OHCV,478,2,[M40478][CVU3]電動缸位置1Sensor未ON
OHCV,479,2,[M40479][CVU3]電動缸位置2Sensor未ON
OHCV,480,2,[M40480][CVU3]電動缸位置3Sensor未ON
OHCV,481,2,[M40481][CVU3]電動缸位置4Sensor未ON
OHCV,500,2,[M40500][CVU4]GLS Without Data
OHCV,501,2,[M40501][CVU4]Data Without GLS
OHCV,502,2,[M40502][CVU4]受入超時
OHCV,503,2,[M40503][CVU4]送出超時
OHCV,504,2,[M40504][CVU4]位置1超時
OHCV,505,2,[M40505][CVU4]位置2超時
OHCV,506,2,[M40506][CVU4]位置3超時
OHCV,507,2,[M40507][CVU4]位置4超時
OHCV,508,2,[M40508][CVU4]位置5超時
OHCV,509,2,[M40509][CVU4]位置6超時
OHCV,510,2,[M40510][CVU4]位置7超時
OHCV,511,2,[M40511][CVU4]位置8超時
OHCV,512,2,[M40512][CVU4]位置9超時
OHCV,513,2,[M40513][CVU4]位置10超時
OHCV,514,2,[M40514][CVU4]位置11超時
OHCV,515,2,[M40515][CVU4]位置12超時
OHCV,516,2,[M40516][CVU4]  0度超時
OHCV,517,2,[M40517][CVU4] 90度超時
OHCV,518,2,[M40518][CVU4]180度超時
OHCV,519,2,[M40519][CVU4]270度超時
OHCV,520,2,[M40520][CVU4]PIN上位超時
OHCV,521,2,[M40521][CVU4]PIN下位超時
OHCV,526,2,[M40526][CVU4]真空吸超時
OHCV,527,2,[M40527][CVU4]真空破超時
OHCV,528,2,[M40528][CVU4]電動缸位置1超時
OHCV,529,2,[M40529][CVU4]電動缸位置2超時
OHCV,530,2,[M40530][CVU4]電動缸位置3超時
OHCV,531,2,[M40531][CVU4]電動缸位置4超時
OHCV,532,2,[M40532][CVU4]上游異常進入
OHCV,533,2,[M40533][CVU4]下游異常進入
OHCV,534,1,[M40534][CVU4]維修門開啟
OHCV,535,2,[M40535][CVU4]任務動作重複
OHCV,536,2,[M40536][CVU4]空運轉有物
OHCV,537,2,[M40537][CVU4]動作超時
OHCV,538,2,[M40538][CVU4]動作超時
OHCV,539,2,[M40539][CVU4]動作超時
OHCV,540,2,[M40540][CVU4]上游交握異常
OHCV,541,2,[M40541][CVU4]下游交握異常
OHCV,543,2,[M40543][CVU4]受入定位超時
OHCV,544,2,[M40544][CVU4]程序動作超時
OHCV,545,2,[M40545][CVU4]動作任務重複
OHCV,550,2,[M40550][CVU4]動力未啟動
OHCV,558,2,[M40558][CVU4]位置1Sensor未ON
OHCV,559,2,[M40559][CVU4]位置2Sensor未ON
OHCV,560,2,[M40560][CVU4]位置3Sensor未ON
OHCV,561,2,[M40561][CVU4]位置4Sensor未ON
OHCV,562,2,[M40562][CVU4]位置5Sensor未ON
OHCV,563,2,[M40563][CVU4]位置6Sensor未ON
OHCV,564,2,[M40564][CVU4]位置7Sensor未ON
OHCV,565,2,[M40565][CVU4]位置8Sensor未ON
OHCV,566,2,[M40566][CVU4]  0度Sensor未ON
OHCV,567,2,[M40567][CVU4] 90度Sensor未ON
OHCV,568,2,[M40568][CVU4]180度Sensor未ON
OHCV,569,2,[M40569][CVU4]270度Sensor未ON
OHCV,578,2,[M40578][CVU4]電動缸位置1Sensor未ON
OHCV,579,2,[M40579][CVU4]電動缸位置2Sensor未ON
OHCV,580,2,[M40580][CVU4]電動缸位置3Sensor未ON
OHCV,581,2,[M40581][CVU4]電動缸位置4Sensor未ON
OHCV,600,2,[M40600][CVU5]GLS Without Data
OHCV,601,2,[M40601][CVU5]Data Without GLS
OHCV,602,2,[M40602][CVU5]受入超時
OHCV,603,2,[M40603][CVU5]送出超時
OHCV,604,2,[M40604][CVU5]位置1超時
OHCV,605,2,[M40605][CVU5]位置2超時
OHCV,606,2,[M40606][CVU5]位置3超時
OHCV,607,2,[M40607][CVU5]位置4超時
OHCV,608,2,[M40608][CVU5]位置5超時
OHCV,609,2,[M40609][CVU5]位置6超時
OHCV,610,2,[M40610][CVU5]位置7超時
OHCV,611,2,[M40611][CVU5]位置8超時
OHCV,612,2,[M40612][CVU5]位置9超時
OHCV,613,2,[M40613][CVU5]位置10超時
OHCV,614,2,[M40614][CVU5]位置11超時
OHCV,615,2,[M40615][CVU5]位置12超時
OHCV,616,2,[M40616][CVU5]  0度超時
OHCV,617,2,[M40617][CVU5] 90度超時
OHCV,618,2,[M40618][CVU5]180度超時
OHCV,619,2,[M40619][CVU5]270度超時
OHCV,620,2,[M40620][CVU5]PIN上位超時
OHCV,621,2,[M40621][CVU5]PIN下位超時
OHCV,626,2,[M40626][CVU5]真空吸超時
OHCV,627,2,[M40627][CVU5]真空破超時
OHCV,628,2,[M40628][CVU5]電動缸位置1超時
OHCV,629,2,[M40629][CVU5]電動缸位置2超時
OHCV,630,2,[M40630][CVU5]電動缸位置3超時
OHCV,631,2,[M40631][CVU5]電動缸位置4超時
OHCV,632,2,[M40632][CVU5]上游異常進入
OHCV,633,2,[M40633][CVU5]下游異常進入
OHCV,634,1,[M40634][CVU5]維修門開啟
OHCV,635,2,[M40635][CVU5]任務動作重複
OHCV,636,2,[M40636][CVU5]空運轉有物
OHCV,637,2,[M40637][CVU5]動作超時
OHCV,638,2,[M40638][CVU5]動作超時
OHCV,639,2,[M40639][CVU5]動作超時
OHCV,640,2,[M40640][CVU5]上游交握異常
OHCV,641,2,[M40641][CVU5]下游交握異常
OHCV,643,2,[M40643][CVU5]受入定位超時
OHCV,644,2,[M40644][CVU5]程序動作超時
OHCV,645,2,[M40645][CVU5]動作任務重複
OHCV,650,2,[M40650][CVU5]動力未啟動
OHCV,658,2,[M40658][CVU5]位置1Sensor未ON
OHCV,659,2,[M40659][CVU5]位置2Sensor未ON
OHCV,660,2,[M40660][CVU5]位置3Sensor未ON
OHCV,661,2,[M40661][CVU5]位置4Sensor未ON
OHCV,662,2,[M40662][CVU5]位置5Sensor未ON
OHCV,663,2,[M40663][CVU5]位置6Sensor未ON
OHCV,664,2,[M40664][CVU5]位置7Sensor未ON
OHCV,665,2,[M40665][CVU5]位置8Sensor未ON
OHCV,666,2,[M40666][CVU5]  0度Sensor未ON
OHCV,667,2,[M40667][CVU5] 90度Sensor未ON
OHCV,668,2,[M40668][CVU5]180度Sensor未ON
OHCV,669,2,[M40669][CVU5]270度Sensor未ON
OHCV,678,2,[M40678][CVU5]電動缸位置1Sensor未ON
OHCV,679,2,[M40679][CVU5]電動缸位置2Sensor未ON
OHCV,680,2,[M40680][CVU5]電動缸位置3Sensor未ON
OHCV,681,2,[M40681][CVU5]電動缸位置4Sensor未ON
OHCV,700,2,[M40700][CVU6]GLS Without Data
OHCV,701,2,[M40701][CVU6]Data Without GLS
OHCV,702,2,[M40702][CVU6]受入超時
OHCV,703,2,[M40703][CVU6]送出超時
OHCV,704,2,[M40704][CVU6]位置1超時
OHCV,705,2,[M40705][CVU6]位置2超時
OHCV,706,2,[M40706][CVU6]位置3超時
OHCV,707,2,[M40707][CVU6]位置4超時
OHCV,708,2,[M40708][CVU6]位置5超時
OHCV,709,2,[M40709][CVU6]位置6超時
OHCV,710,2,[M40710][CVU6]位置7超時
OHCV,711,2,[M40711][CVU6]位置8超時
OHCV,712,2,[M40712][CVU6]位置9超時
OHCV,713,2,[M40713][CVU6]位置10超時
OHCV,714,2,[M40714][CVU6]位置11超時
OHCV,715,2,[M40715][CVU6]位置12超時
OHCV,716,2,[M40716][CVU6]  0度超時
OHCV,717,2,[M40717][CVU6] 90度超時
OHCV,718,2,[M40718][CVU6]180度超時
OHCV,719,2,[M40719][CVU6]270度超時
OHCV,720,2,[M40720][CVU6]PIN上位超時
OHCV,721,2,[M40721][CVU6]PIN下位超時
OHCV,726,2,[M40726][CVU6]真空吸超時
OHCV,727,2,[M40727][CVU6]真空破超時
OHCV,728,2,[M40728][CVU6]電動缸位置1超時
OHCV,729,2,[M40729][CVU6]電動缸位置2超時
OHCV,730,2,[M40730][CVU6]電動缸位置3超時
OHCV,731,2,[M40731][CVU6]電動缸位置4超時
OHCV,732,2,[M40732][CVU6]上游異常進入
OHCV,733,2,[M40733][CVU6]下游異常進入
OHCV,734,1,[M40734][CVU6]維修門開啟
OHCV,735,2,[M40735][CVU6]任務動作重複
OHCV,736,2,[M40736][CVU6]空運轉有物
OHCV,737,2,[M40737][CVU6]動作超時
OHCV,738,2,[M40738][CVU6]動作超時
OHCV,739,2,[M40739][CVU6]動作超時
OHCV,740,2,[M40740][CVU6]上游交握異常
OHCV,741,2,[M40741][CVU6]下游交握異常
OHCV,743,2,[M40743][CVU6]受入定位超時
OHCV,744,2,[M40744][CVU6]程序動作超時
OHCV,745,2,[M40745][CVU6]動作任務重複
OHCV,750,2,[M40750][CVU6]動力未啟動
OHCV,758,2,[M40758][CVU6]位置1Sensor未ON
OHCV,759,2,[M40759][CVU6]位置2Sensor未ON
OHCV,760,2,[M40760][CVU6]位置3Sensor未ON
OHCV,761,2,[M40761][CVU6]位置4Sensor未ON
OHCV,762,2,[M40762][CVU6]位置5Sensor未ON
OHCV,763,2,[M40763][CVU6]位置6Sensor未ON
OHCV,764,2,[M40764][CVU6]位置7Sensor未ON
OHCV,765,2,[M40765][CVU6]位置8Sensor未ON
OHCV,766,2,[M40766][CVU6]  0度Sensor未ON
OHCV,767,2,[M40767][CVU6] 90度Sensor未ON
OHCV,768,2,[M40768][CVU6]180度Sensor未ON
OHCV,769,2,[M40769][CVU6]270度Sensor未ON
OHCV,778,2,[M40778][CVU6]電動缸位置1Sensor未ON
OHCV,779,2,[M40779][CVU6]電動缸位置2Sensor未ON
OHCV,780,2,[M40780][CVU6]電動缸位置3Sensor未ON
OHCV,781,2,[M40781][CVU6]電動缸位置4Sensor未ON
OHCV,800,2,[M40800][CVU7]GLS Without Data
OHCV,801,2,[M40801][CVU7]Data Without GLS
OHCV,802,2,[M40802][CVU7]受入超時
OHCV,803,2,[M40803][CVU7]送出超時
OHCV,804,2,[M40804][CVU7]位置1超時
OHCV,805,2,[M40805][CVU7]位置2超時
OHCV,806,2,[M40806][CVU7]位置3超時
OHCV,807,2,[M40807][CVU7]位置4超時
OHCV,808,2,[M40808][CVU7]位置5超時
OHCV,809,2,[M40809][CVU7]位置6超時
OHCV,810,2,[M40810][CVU7]位置7超時
OHCV,811,2,[M40811][CVU7]位置8超時
OHCV,812,2,[M40812][CVU7]位置9超時
OHCV,813,2,[M40813][CVU7]位置10超時
OHCV,814,2,[M40814][CVU7]位置11超時
OHCV,815,2,[M40815][CVU7]位置12超時
OHCV,816,2,[M40816][CVU7]  0度超時
OHCV,817,2,[M40817][CVU7] 90度超時
OHCV,818,2,[M40818][CVU7]180度超時
OHCV,819,2,[M40819][CVU7]270度超時
OHCV,820,2,[M40820][CVU7]PIN上位超時
OHCV,821,2,[M40821][CVU7]PIN下位超時
OHCV,826,2,[M40826][CVU7]真空吸超時
OHCV,827,2,[M40827][CVU7]真空破超時
OHCV,828,2,[M40828][CVU7]電動缸位置1超時
OHCV,829,2,[M40829][CVU7]電動缸位置2超時
OHCV,830,2,[M40830][CVU7]電動缸位置3超時
OHCV,831,2,[M40831][CVU7]電動缸位置4超時
OHCV,832,2,[M40832][CVU7]上游異常進入
OHCV,833,2,[M40833][CVU7]下游異常進入
OHCV,834,1,[M40834][CVU7]維修門開啟
OHCV,835,2,[M40835][CVU7]任務動作重複
OHCV,836,2,[M40836][CVU7]空運轉有物
OHCV,837,2,[M40837][CVU7]動作超時
OHCV,838,2,[M40838][CVU7]動作超時
OHCV,839,2,[M40839][CVU7]動作超時
OHCV,840,2,[M40840][CVU7]上游交握異常
OHCV,841,2,[M40841][CVU7]下游交握異常
OHCV,843,2,[M40843][CVU7]受入定位超時
OHCV,844,2,[M40844][CVU7]程序動作超時
OHCV,845,2,[M40845][CVU7]動作任務重複
OHCV,850,2,[M40850][CVU7]動力未啟動
OHCV,858,2,[M40858][CVU7]位置1Sensor未ON
OHCV,859,2,[M40859][CVU7]位置2Sensor未ON
OHCV,860,2,[M40860][CVU7]位置3Sensor未ON
OHCV,861,2,[M40861][CVU7]位置4Sensor未ON
OHCV,862,2,[M40862][CVU7]位置5Sensor未ON
OHCV,863,2,[M40863][CVU7]位置6Sensor未ON
OHCV,864,2,[M40864][CVU7]位置7Sensor未ON
OHCV,865,2,[M40865][CVU7]位置8Sensor未ON
OHCV,866,2,[M40866][CVU7]  0度Sensor未ON
OHCV,867,2,[M40867][CVU7] 90度Sensor未ON
OHCV,868,2,[M40868][CVU7]180度Sensor未ON
OHCV,869,2,[M40869][CVU7]270度Sensor未ON
OHCV,878,2,[M40878][CVU7]電動缸位置1Sensor未ON
OHCV,879,2,[M40879][CVU7]電動缸位置2Sensor未ON
OHCV,880,2,[M40880][CVU7]電動缸位置3Sensor未ON
OHCV,881,2,[M40881][CVU7]電動缸位置4Sensor未ON
OHCV,900,2,[M40900][CVU8]GLS Without Data
OHCV,901,2,[M40901][CVU8]Data Without GLS
OHCV,902,2,[M40902][CVU8]受入超時
OHCV,903,2,[M40903][CVU8]送出超時
OHCV,904,2,[M40904][CVU8]位置1超時
OHCV,905,2,[M40905][CVU8]位置2超時
OHCV,906,2,[M40906][CVU8]位置3超時
OHCV,907,2,[M40907][CVU8]位置4超時
OHCV,908,2,[M40908][CVU8]位置5超時
OHCV,909,2,[M40909][CVU8]位置6超時
OHCV,910,2,[M40910][CVU8]位置7超時
OHCV,911,2,[M40911][CVU8]位置8超時
OHCV,912,2,[M40912][CVU8]位置9超時
OHCV,913,2,[M40913][CVU8]位置10超時
OHCV,914,2,[M40914][CVU8]位置11超時
OHCV,915,2,[M40915][CVU8]位置12超時
OHCV,916,2,[M40916][CVU8]  0度超時
OHCV,917,2,[M40917][CVU8] 90度超時
OHCV,918,2,[M40918][CVU8]180度超時
OHCV,919,2,[M40919][CVU8]270度超時
OHCV,920,2,[M40920][CVU8]PIN上位超時
OHCV,921,2,[M40921][CVU8]PIN下位超時
OHCV,926,2,[M40926][CVU8]真空吸超時
OHCV,927,2,[M40927][CVU8]真空破超時
OHCV,928,2,[M40928][CVU8]電動缸位置1超時
OHCV,929,2,[M40929][CVU8]電動缸位置2超時
OHCV,930,2,[M40930][CVU8]電動缸位置3超時
OHCV,931,2,[M40931][CVU8]電動缸位置4超時
OHCV,932,2,[M40932][CVU8]上游異常進入
OHCV,933,2,[M40933][CVU8]下游異常進入
OHCV,934,1,[M40934][CVU8]維修門開啟
OHCV,935,2,[M40935][CVU8]任務動作重複
OHCV,936,2,[M40936][CVU8]空運轉有物
OHCV,937,2,[M40937][CVU8]動作超時
OHCV,938,2,[M40938][CVU8]動作超時
OHCV,939,2,[M40939][CVU8]動作超時
OHCV,940,2,[M40940][CVU8]上游交握異常
OHCV,941,2,[M40941][CVU8]下游交握異常
OHCV,943,2,[M40943][CVU8]受入定位超時
OHCV,944,2,[M40944][CVU8]程序動作超時
OHCV,945,2,[M40945][CVU8]動作任務重複
OHCV,950,2,[M40950][CVU8]動力未啟動
OHCV,958,2,[M40958][CVU8]位置1Sensor未ON
OHCV,959,2,[M40959][CVU8]位置2Sensor未ON
OHCV,960,2,[M40960][CVU8]位置3Sensor未ON
OHCV,961,2,[M40961][CVU8]位置4Sensor未ON
OHCV,962,2,[M40962][CVU8]位置5Sensor未ON
OHCV,963,2,[M40963][CVU8]位置6Sensor未ON
OHCV,964,2,[M40964][CVU8]位置7Sensor未ON
OHCV,965,2,[M40965][CVU8]位置8Sensor未ON
OHCV,966,2,[M40966][CVU8]  0度Sensor未ON
OHCV,967,2,[M40967][CVU8] 90度Sensor未ON
OHCV,968,2,[M40968][CVU8]180度Sensor未ON
OHCV,969,2,[M40969][CVU8]270度Sensor未ON
OHCV,978,2,[M40978][CVU8]電動缸位置1Sensor未ON
OHCV,979,2,[M40979][CVU8]電動缸位置2Sensor未ON
OHCV,980,2,[M40980][CVU8]電動缸位置3Sensor未ON
OHCV,981,2,[M40981][CVU8]電動缸位置4Sensor未ON
OHCV,1000,2,[M41000][CVU9]GLS Without Data
OHCV,1001,2,[M41001][CVU9]Data Without GLS
OHCV,1002,2,[M41002][CVU9]受入超時
OHCV,1003,2,[M41003][CVU9]送出超時
OHCV,1004,2,[M41004][CVU9]位置1超時
OHCV,1005,2,[M41005][CVU9]位置2超時
OHCV,1006,2,[M41006][CVU9]位置3超時
OHCV,1007,2,[M41007][CVU9]位置4超時
OHCV,1008,2,[M41008][CVU9]位置5超時
OHCV,1009,2,[M41009][CVU9]位置6超時
OHCV,1010,2,[M41010][CVU9]位置7超時
OHCV,1011,2,[M41011][CVU9]位置8超時
OHCV,1012,2,[M41012][CVU9]位置9超時
OHCV,1013,2,[M41013][CVU9]位置10超時
OHCV,1014,2,[M41014][CVU9]位置11超時
OHCV,1015,2,[M41015][CVU9]位置12超時
OHCV,1016,2,[M41016][CVU9]  0度超時
OHCV,1017,2,[M41017][CVU9] 90度超時
OHCV,1018,2,[M41018][CVU9]180度超時
OHCV,1019,2,[M41019][CVU9]270度超時
OHCV,1020,2,[M41020][CVU9]PIN上位超時
OHCV,1021,2,[M41021][CVU9]PIN下位超時
OHCV,1026,2,[M41026][CVU9]真空吸超時
OHCV,1027,2,[M41027][CVU9]真空破超時
OHCV,1028,2,[M41028][CVU9]電動缸位置1超時
OHCV,1029,2,[M41029][CVU9]電動缸位置2超時
OHCV,1030,2,[M41030][CVU9]電動缸位置3超時
OHCV,1031,2,[M41031][CVU9]電動缸位置4超時
OHCV,1032,2,[M41032][CVU9]上游異常進入
OHCV,1033,2,[M41033][CVU9]下游異常進入
OHCV,1034,1,[M41034][CVU9]維修門開啟
OHCV,1035,2,[M41035][CVU9]任務動作重複
OHCV,1036,2,[M41036][CVU9]空運轉有物
OHCV,1037,2,[M41037][CVU9]動作超時
OHCV,1038,2,[M41038][CVU9]動作超時
OHCV,1039,2,[M41039][CVU9]動作超時
OHCV,1040,2,[M41040][CVU9]上游交握異常
OHCV,1041,2,[M41041][CVU9]下游交握異常
OHCV,1043,2,[M41043][CVU9]受入定位超時
OHCV,1044,2,[M41044][CVU9]程序動作超時
OHCV,1045,2,[M41045][CVU9]動作任務重複
OHCV,1050,2,[M41050][CVU9]動力未啟動
OHCV,1058,2,[M41058][CVU9]位置1Sensor未ON
OHCV,1059,2,[M41059][CVU9]位置2Sensor未ON
OHCV,1060,2,[M41060][CVU9]位置3Sensor未ON
OHCV,1061,2,[M41061][CVU9]位置4Sensor未ON
OHCV,1062,2,[M41062][CVU9]位置5Sensor未ON
OHCV,1063,2,[M41063][CVU9]位置6Sensor未ON
OHCV,1064,2,[M41064][CVU9]位置7Sensor未ON
OHCV,1065,2,[M41065][CVU9]位置8Sensor未ON
OHCV,1066,2,[M41066][CVU9]  0度Sensor未ON
OHCV,1067,2,[M41067][CVU9] 90度Sensor未ON
OHCV,1068,2,[M41068][CVU9]180度Sensor未ON
OHCV,1069,2,[M41069][CVU9]270度Sensor未ON
OHCV,1078,2,[M41078][CVU9]電動缸位置1Sensor未ON
OHCV,1079,2,[M41079][CVU9]電動缸位置2Sensor未ON
OHCV,1080,2,[M41080][CVU9]電動缸位置3Sensor未ON
OHCV,1081,2,[M41081][CVU9]電動缸位置4Sensor未ON
OHCV,1100,2,[M41100][CVU10]GLS Without Data
OHCV,1101,2,[M41101][CVU10]Data Without GLS
OHCV,1102,2,[M41102][CVU10]受入超時
OHCV,1103,2,[M41103][CVU10]送出超時
OHCV,1104,2,[M41104][CVU10]位置1超時
OHCV,1105,2,[M41105][CVU10]位置2超時
OHCV,1106,2,[M41106][CVU10]位置3超時
OHCV,1107,2,[M41107][CVU10]位置4超時
OHCV,1108,2,[M41108][CVU10]位置5超時
OHCV,1109,2,[M41109][CVU10]位置6超時
OHCV,1110,2,[M41110][CVU10]位置7超時
OHCV,1111,2,[M41111][CVU10]位置8超時
OHCV,1112,2,[M41112][CVU10]位置9超時
OHCV,1113,2,[M41113][CVU10]位置10超時
OHCV,1114,2,[M41114][CVU10]位置11超時
OHCV,1115,2,[M41115][CVU10]位置12超時
OHCV,1116,2,[M41116][CVU10]  0度超時
OHCV,1117,2,[M41117][CVU10] 90度超時
OHCV,1118,2,[M41118][CVU10]180度超時
OHCV,1119,2,[M41119][CVU10]270度超時
OHCV,1120,2,[M41120][CVU10]PIN上位超時
OHCV,1121,2,[M41121][CVU10]PIN下位超時
OHCV,1126,2,[M41126][CVU10]真空吸超時
OHCV,1127,2,[M41127][CVU10]真空破超時
OHCV,1128,2,[M41128][CVU10]電動缸位置1超時
OHCV,1129,2,[M41129][CVU10]電動缸位置2超時
OHCV,1130,2,[M41130][CVU10]電動缸位置3超時
OHCV,1131,2,[M41131][CVU10]電動缸位置4超時
OHCV,1132,2,[M41132][CVU10]上游異常進入
OHCV,1133,2,[M41133][CVU10]下游異常進入
OHCV,1134,1,[M41134][CVU10]維修門開啟
OHCV,1135,2,[M41135][CVU10]任務動作重複
OHCV,1136,2,[M41136][CVU10]空運轉有物
OHCV,1137,2,[M41137][CVU10]動作超時
OHCV,1138,2,[M41138][CVU10]動作超時
OHCV,1139,2,[M41139][CVU10]動作超時
OHCV,1140,2,[M41140][CVU10]上游交握異常
OHCV,1141,2,[M41141][CVU10]下游交握異常
OHCV,1143,2,[M41143][CVU10]受入定位超時
OHCV,1144,2,[M41144][CVU10]程序動作超時
OHCV,1145,2,[M41145][CVU10]動作任務重複
OHCV,1150,2,[M41150][CVU10]動力未啟動
OHCV,1158,2,[M41158][CVU10]位置1Sensor未ON
OHCV,1159,2,[M41159][CVU10]位置2Sensor未ON
OHCV,1160,2,[M41160][CVU10]位置3Sensor未ON
OHCV,1161,2,[M41161][CVU10]位置4Sensor未ON
OHCV,1162,2,[M41162][CVU10]位置5Sensor未ON
OHCV,1163,2,[M41163][CVU10]位置6Sensor未ON
OHCV,1164,2,[M41164][CVU10]位置7Sensor未ON
OHCV,1165,2,[M41165][CVU10]位置8Sensor未ON
OHCV,1166,2,[M41166][CVU10]  0度Sensor未ON
OHCV,1167,2,[M41167][CVU10] 90度Sensor未ON
OHCV,1168,2,[M41168][CVU10]180度Sensor未ON
OHCV,1169,2,[M41169][CVU10]270度Sensor未ON
OHCV,1178,2,[M41178][CVU10]電動缸位置1Sensor未ON
OHCV,1179,2,[M41179][CVU10]電動缸位置2Sensor未ON
OHCV,1180,2,[M41180][CVU10]電動缸位置3Sensor未ON
OHCV,1181,2,[M41181][CVU10]電動缸位置4Sensor未ON
OHCV,1200,2,[M41200][CVU11]GLS Without Data
OHCV,1201,2,[M41201][CVU11]Data Without GLS
OHCV,1202,2,[M41202][CVU11]受入超時
OHCV,1203,2,[M41203][CVU11]送出超時
OHCV,1204,2,[M41204][CVU11]位置1超時
OHCV,1205,2,[M41205][CVU11]位置2超時
OHCV,1206,2,[M41206][CVU11]位置3超時
OHCV,1207,2,[M41207][CVU11]位置4超時
OHCV,1208,2,[M41208][CVU11]位置5超時
OHCV,1209,2,[M41209][CVU11]位置6超時
OHCV,1210,2,[M41210][CVU11]位置7超時
OHCV,1211,2,[M41211][CVU11]位置8超時
OHCV,1212,2,[M41212][CVU11]位置9超時
OHCV,1213,2,[M41213][CVU11]位置10超時
OHCV,1214,2,[M41214][CVU11]位置11超時
OHCV,1215,2,[M41215][CVU11]位置12超時
OHCV,1216,2,[M41216][CVU11]  0度超時
OHCV,1217,2,[M41217][CVU11] 90度超時
OHCV,1218,2,[M41218][CVU11]180度超時
OHCV,1219,2,[M41219][CVU11]270度超時
OHCV,1220,2,[M41220][CVU11]PIN上位超時
OHCV,1221,2,[M41221][CVU11]PIN下位超時
OHCV,1226,2,[M41226][CVU11]真空吸超時
OHCV,1227,2,[M41227][CVU11]真空破超時
OHCV,1228,2,[M41228][CVU11]電動缸位置1超時
OHCV,1229,2,[M41229][CVU11]電動缸位置2超時
OHCV,1230,2,[M41230][CVU11]電動缸位置3超時
OHCV,1231,2,[M41231][CVU11]電動缸位置4超時
OHCV,1232,2,[M41232][CVU11]上游異常進入
OHCV,1233,2,[M41233][CVU11]下游異常進入
OHCV,1234,1,[M41234][CVU11]維修門開啟
OHCV,1235,2,[M41235][CVU11]任務動作重複
OHCV,1236,2,[M41236][CVU11]空運轉有物
OHCV,1237,2,[M41237][CVU11]動作超時
OHCV,1238,2,[M41238][CVU11]動作超時
OHCV,1239,2,[M41239][CVU11]動作超時
OHCV,1240,2,[M41240][CVU11]上游交握異常
OHCV,1241,2,[M41241][CVU11]下游交握異常
OHCV,1243,2,[M41243][CVU11]受入定位超時
OHCV,1244,2,[M41244][CVU11]程序動作超時
OHCV,1245,2,[M41245][CVU11]動作任務重複
OHCV,1250,2,[M41250][CVU11]動力未啟動
OHCV,1258,2,[M41258][CVU11]位置1Sensor未ON
OHCV,1259,2,[M41259][CVU11]位置2Sensor未ON
OHCV,1260,2,[M41260][CVU11]位置3Sensor未ON
OHCV,1261,2,[M41261][CVU11]位置4Sensor未ON
OHCV,1262,2,[M41262][CVU11]位置5Sensor未ON
OHCV,1263,2,[M41263][CVU11]位置6Sensor未ON
OHCV,1264,2,[M41264][CVU11]位置7Sensor未ON
OHCV,1265,2,[M41265][CVU11]位置8Sensor未ON
OHCV,1266,2,[M41266][CVU11]  0度Sensor未ON
OHCV,1267,2,[M41267][CVU11] 90度Sensor未ON
OHCV,1268,2,[M41268][CVU11]180度Sensor未ON
OHCV,1269,2,[M41269][CVU11]270度Sensor未ON
OHCV,1278,2,[M41278][CVU11]電動缸位置1Sensor未ON
OHCV,1279,2,[M41279][CVU11]電動缸位置2Sensor未ON
OHCV,1280,2,[M41280][CVU11]電動缸位置3Sensor未ON
OHCV,1281,2,[M41281][CVU11]電動缸位置4Sensor未ON
OHCV,1400,2,[M41400][TU13]GLS Without Data
OHCV,1401,2,[M41401][TU13]Data Without GLS
OHCV,1402,2,[M41402][TU13]受入超時
OHCV,1403,2,[M41403][TU13]送出超時
OHCV,1404,2,[M41404][TU13]位置1超時
OHCV,1405,2,[M41405][TU13]位置2超時
OHCV,1406,2,[M41406][TU13]位置3超時
OHCV,1407,2,[M41407][TU13]位置4超時
OHCV,1408,2,[M41408][TU13]位置5超時
OHCV,1409,2,[M41409][TU13]位置6超時
OHCV,1410,2,[M41410][TU13]位置7超時
OHCV,1411,2,[M41411][TU13]位置8超時
OHCV,1412,2,[M41412][TU13]位置9超時
OHCV,1413,2,[M41413][TU13]位置10超時
OHCV,1414,2,[M41414][TU13]位置11超時
OHCV,1415,2,[M41415][TU13]位置12超時
OHCV,1416,2,[M41416][TU13]  0度超時
OHCV,1417,2,[M41417][TU13] 90度超時
OHCV,1418,2,[M41418][TU13]180度超時
OHCV,1419,2,[M41419][TU13]-90度超時
OHCV,1420,2,[M41420][TU13]PIN上位超時
OHCV,1421,2,[M41421][TU13]PIN下位超時
OHCV,1426,2,[M41426][TU13]真空吸超時
OHCV,1427,2,[M41427][TU13]真空破超時
OHCV,1428,2,[M41428][TU13]電動缸位置1超時
OHCV,1429,2,[M41429][TU13]電動缸位置2超時
OHCV,1430,2,[M41430][TU13]電動缸位置3超時
OHCV,1431,2,[M41431][TU13]電動缸位置4超時
OHCV,1432,2,[M41432][TU13]上游異常進入
OHCV,1433,2,[M41433][TU13]下游異常進入
OHCV,1434,1,[M41434][TU13]維修門開啟
OHCV,1435,2,[M41435][TU13]任務動作重複
OHCV,1436,2,[M41436][TU13]空運轉有物
OHCV,1437,2,[M41437][TU13]動作超時
OHCV,1438,2,[M41438][TU13]動作超時
OHCV,1439,2,[M41439][TU13]動作超時
OHCV,1440,2,[M41440][TU13]上游交握異常
OHCV,1441,2,[M41441][TU13]下游交握異常
OHCV,1443,2,[M41443][TU13]受入定位超時
OHCV,1444,2,[M41444][TU13]程序動作超時
OHCV,1445,2,[M41445][TU13]動作任務重複
OHCV,1450,2,[M41450][TU13]動力未啟動
OHCV,1458,2,[M41458][TU13]位置1Sensor未ON
OHCV,1459,2,[M41459][TU13]位置2Sensor未ON
OHCV,1460,2,[M41460][TU13]位置3Sensor未ON
OHCV,1461,2,[M41461][TU13]位置4Sensor未ON
OHCV,1462,2,[M41462][TU13]位置5Sensor未ON
OHCV,1463,2,[M41463][TU13]位置6Sensor未ON
OHCV,1464,2,[M41464][TU13]位置7Sensor未ON
OHCV,1465,2,[M41465][TU13]位置8Sensor未ON
OHCV,1466,2,[M41466][TU13]  0度Sensor未ON
OHCV,1467,2,[M41467][TU13] 90度Sensor未ON
OHCV,1468,2,[M41468][TU13]180度Sensor未ON
OHCV,1469,2,[M41469][TU13]270度Sensor未ON
OHCV,1478,2,[M41478][TU13]電動缸位置1Sensor未ON
OHCV,1479,2,[M41479][TU13]電動缸位置2Sensor未ON
OHCV,1480,2,[M41480][TU13]電動缸位置3Sensor未ON
OHCV,1481,2,[M41481][TU13]電動缸位置4Sensor未ON
OHCV,1500,2,[M41500][TU14]GLS Without Data
OHCV,1501,2,[M41501][TU14]Data Without GLS
OHCV,1502,2,[M41502][TU14]受入超時
OHCV,1503,2,[M41503][TU14]送出超時
OHCV,1504,2,[M41504][TU14]位置1超時
OHCV,1505,2,[M41505][TU14]位置2超時
OHCV,1506,2,[M41506][TU14]位置3超時
OHCV,1507,2,[M41507][TU14]位置4超時
OHCV,1508,2,[M41508][TU14]位置5超時
OHCV,1509,2,[M41509][TU14]位置6超時
OHCV,1510,2,[M41510][TU14]位置7超時
OHCV,1511,2,[M41511][TU14]位置8超時
OHCV,1512,2,[M41512][TU14]位置9超時
OHCV,1513,2,[M41513][TU14]位置10超時
OHCV,1514,2,[M41514][TU14]位置11超時
OHCV,1515,2,[M41515][TU14]位置12超時
OHCV,1516,2,[M41516][TU14]  0度超時
OHCV,1517,2,[M41517][TU14] 90度超時
OHCV,1518,2,[M41518][TU14]180度超時
OHCV,1519,2,[M41519][TU14]270度超時
OHCV,1520,2,[M41520][TU14]PIN上位超時
OHCV,1521,2,[M41521][TU14]PIN下位超時
OHCV,1526,2,[M41526][TU14]真空吸超時
OHCV,1527,2,[M41527][TU14]真空破超時
OHCV,1528,2,[M41528][TU14]電動缸位置1超時
OHCV,1529,2,[M41529][TU14]電動缸位置2超時
OHCV,1530,2,[M41530][TU14]電動缸位置3超時
OHCV,1531,2,[M41531][TU14]電動缸位置4超時
OHCV,1532,2,[M41532][TU14]上游異常進入
OHCV,1533,2,[M41533][TU14]下游異常進入
OHCV,1534,1,[M41534][TU14]維修門開啟
OHCV,1535,2,[M41535][TU14]任務動作重複
OHCV,1536,2,[M41536][TU14]空運轉有物
OHCV,1537,2,[M41537][TU14]動作超時
OHCV,1538,2,[M41538][TU14]動作超時
OHCV,1539,2,[M41539][TU14]動作超時
OHCV,1540,2,[M41540][TU14]上游交握異常
OHCV,1541,2,[M41541][TU14]下游交握異常
OHCV,1543,2,[M41543][TU14]受入定位超時
OHCV,1544,2,[M41544][TU14]程序動作超時
OHCV,1545,2,[M41545][TU14]動作任務重複
OHCV,1550,2,[M41550][TU14]動力未啟動
OHCV,1558,2,[M41558][TU14]位置1Sensor未ON
OHCV,1559,2,[M41559][TU14]位置2Sensor未ON
OHCV,1560,2,[M41560][TU14]位置3Sensor未ON
OHCV,1561,2,[M41561][TU14]位置4Sensor未ON
OHCV,1562,2,[M41562][TU14]位置5Sensor未ON
OHCV,1563,2,[M41563][TU14]位置6Sensor未ON
OHCV,1564,2,[M41564][TU14]位置7Sensor未ON
OHCV,1565,2,[M41565][TU14]位置8Sensor未ON
OHCV,1566,2,[M41566][TU14]  0度Sensor未ON
OHCV,1567,2,[M41567][TU14] 90度Sensor未ON
OHCV,1568,2,[M41568][TU14]180度Sensor未ON
OHCV,1569,2,[M41569][TU14]270度Sensor未ON
OHCV,1578,2,[M41578][TU14]電動缸位置1Sensor未ON
OHCV,1579,2,[M41579][TU14]電動缸位置2Sensor未ON
OHCV,1580,2,[M41580][TU14]電動缸位置3Sensor未ON
OHCV,1581,2,[M41581][TU14]電動缸位置4Sensor未ON
OHCV,2250,2,[M42250][Com][BC]來源位置無物
OHCV,2251,2,[M42251][Com][BC]目標位置已有CST
OHCV,2258,2,[M42258][Com][BC]命令錯誤
OHCV,2450,2,[M42450][DD#1]CV4-2_θ 異常
OHCV,2451,2,[M42451][DD#1]CV4-2_θ 動作愈時異常
OHCV,2452,2,[M42452][DD#1]CV4-2_θ 重覆啟動異常
OHCV,2453,2,[M42453][DD#1]CV4-2_θ OPR_RQ 警告
OHCV,2454,2,[M42454][DD#1]CV4-2_θ Alm_Spare
OHCV,2455,2,[M42455][DD#1]CV4-2_θ Alm_Spare
OHCV,2456,2,[M42456][DD#1]CV4-2_θ 啟動硬體條件不成立
OHCV,2457,2,[M42457][DD#1]CV4-2_θ 參數寫入愈時
OHCV,2458,2,[M42458][DD#1]CV4-2_θ Alm_Spare
OHCV,2459,2,[M42459][DD#1]CV4-2_θ Alm_Spare
OHCV,2460,2,[M42460][DD#2]異常
OHCV,2461,2,[M42461][DD#2]動作愈時異常
OHCV,2462,2,[M42462][DD#2]重覆啟動異常
OHCV,2463,2,[M42463][DD#2]OPR_RQ 警告
OHCV,2464,2,[M42464][DD#2]Alm_Spare
OHCV,2465,2,[M42465][DD#2]Alm_Spare
OHCV,2466,2,[M42466][DD#2]啟動硬體條件不成立
OHCV,2467,2,[M42467][DD#2]ATS_θ 參數寫入愈時
OHCV,2468,2,[M42468][DD#2]Alm_Spare
OHCV,2469,2,[M42469][DD#2]Alm_Spare
OHCV,2750,2,[M42750][EV_W]NTBC來源命令碼錯誤
OHCV,2751,2,[M42751][EV_W]NTBC目標命令碼錯誤
OHCV,2752,2,[M42752][EV_W]來源位置無物
OHCV,2753,2,[M42753][EV_W]目標位置有物
OHCV,2754,2,[M42754][EV_W]NTBC命令時未自動運轉中
OHCV,2755,2,[M42755][EV_W]NTBC命令時異常中
OHCV,3702,2,[M43702][EV_L]EV_Lift_L重覆啟動異常
OHCV,3703,2,[M43703][EV_L]EV_Lift_LOPR_RQ 警告
OHCV,3704,2,[M43704][EV_L]EV_Lift_L電流值警報
OHCV,3705,2,[M43705][EV_L]EV_Lift_LBatteryLow
OHCV,3706,2,[M43706][EV_L]EV_Lift_L啟動硬體條件不成立
OHCV,3707,2,[M43707][EV_L]EV_Lift_LAlm_Spare
OHCV,3708,2,[M43708][EV_L]EV_Lift_LAlm_Spare
OHCV,3709,2,[M43709][EV_L]EV_Lift_LAlm_Spare
OHCV,3710,2,[M43710][EV_R]EV_Lift_R 異常
OHCV,3711,2,[M43711][EV_R]EV_Lift_R 動作愈時異常
OHCV,3712,2,[M43712][EV_R]EV_Lift_R 重覆啟動異常
OHCV,3713,2,[M43713][EV_R]EV_Lift_R OPR_RQ 警告
OHCV,3714,2,[M43714][EV_R]EV_Lift_R 電流值警報
OHCV,3715,2,[M43715][EV_R]EV_Lift_R BatteryLow
OHCV,3716,2,[M43716][EV_R]EV_Lift_R 啟動硬體條件不成立
OHCV,3717,2,[M43717][EV_R]EV_Lift_R Alm_Spare
OHCV,3718,2,[M43718][EV_R]EV_Lift_R Alm_Spare
OHCV,3719,2,[M43719][EV_R]EV_Lift_R Alm_Spare
OHCV,3720,2,[M43720][SV#3]異常
OHCV,3721,2,[M43721][SV#3]動作愈時異常
OHCV,3722,2,[M43722][SV#3]重覆啟動異常
OHCV,3723,2,[M43723][SV#3]OPR_RQ 警告
OHCV,3724,2,[M43724][SV#3]電流值警報
OHCV,3725,2,[M43725][SV#3]BatteryLow
OHCV,3726,2,[M43726][SV#3]啟動硬體條件不成立
OHCV,3727,2,[M43727][SV#3]Alm_Spare
OHCV,3728,2,[M43728][SV#3]Alm_Spare
OHCV,3729,2,[M43729][SV#3]Alm_Spare
OHCV,3730,2,[M43730][EVCV9]異常
OHCV,3731,2,[M43731][EVCV9]動作愈時異常
OHCV,3732,2,[M43732][EVCV9]重覆啟動異常
OHCV,3733,2,[M43733][EVCV9]OPR_RQ 警告
OHCV,3734,2,[M43734][EVCV9]電流值警報
OHCV,3735,2,[M43735][EVCV9]BatteryLow
OHCV,3736,2,[M43736][EVCV9]啟動硬體條件不成立
OHCV,3737,2,[M43737][EVCV9]Alm_Spare
OHCV,3738,2,[M43738][EVCV9]Alm_Spare
OHCV,3739,2,[M43739][EVCV9]Alm_Spare
OHCV,3740,2,[M43740][CV1-1]馬達異常
OHCV,3741,2,[M43741][CV1-1]動作愈時異常
OHCV,3742,2,[M43742][CV1-1]重覆啟動異常
OHCV,3743,2,[M43743][CV1-1]OPR_RQ 警告
OHCV,3744,2,[M43744][CV1-1]電流值警報
OHCV,3745,2,[M43745][CV1-1]BatteryLow
OHCV,3746,2,[M43746][CV1-1]啟動硬體條件不成立
OHCV,3747,2,[M43747][CV1-1]Alm_Spare
OHCV,3748,2,[M43748][CV2-2]Alm_Spare
OHCV,3749,2,[M43749][CV2-2]Alm_Spare
OHCV,3750,2,[M43750][CV2-2]馬達異常
OHCV,3751,2,[M43751][CV2-2]動作愈時異常
OHCV,3752,2,[M43752][CV2-2]重覆啟動異常
OHCV,3753,2,[M43753][CV2-2]OPR_RQ 警告
OHCV,3754,2,[M43754][CV2-2]電流值警報
OHCV,3755,2,[M43755][CV2-2]BatteryLow
OHCV,3756,2,[M43756][CV2-2]啟動硬體條件不成立
OHCV,3757,2,[M43757][CV2-2]Alm_Spare
OHCV,3758,2,[M43758][CV2-2]Alm_Spare
OHCV,3759,2,[M43759][CV2-2]Alm_Spare
OHCV,3760,2,[M43760][CV3-1]馬達異常
OHCV,3761,2,[M43761][CV3-1]動作愈時異常
OHCV,3762,2,[M43762][CV3-1]重覆啟動異常
OHCV,3763,2,[M43763][CV3-1]OPR_RQ 警告
OHCV,3764,2,[M43764][CV3-1]電流值警報
OHCV,3765,2,[M43765][CV3-1]BatteryLow
OHCV,3766,2,[M43766][CV3-1]啟動硬體條件不成立
OHCV,3767,2,[M43767][CV3-1]Alm_Spare
OHCV,3768,2,[M43768][CV3-1]Alm_Spare
OHCV,3769,2,[M43769][CV3-1]Alm_Spare
OHCV,3770,2,[M43770][CV4-1]馬達異常
OHCV,3771,2,[M43771][CV4-1]動作愈時異常
OHCV,3772,2,[M43772][CV4-1]重覆啟動異常
OHCV,3773,2,[M43773][CV4-1]OPR_RQ 警告
OHCV,3774,2,[M43774][CV4-1]電流值警報
OHCV,3775,2,[M43775][CV4-1]BatteryLow
OHCV,3776,2,[M43776][CV4-1]啟動硬體條件不成立
OHCV,3777,2,[M43777][CV4-1]Alm_Spare
OHCV,3778,2,[M43778][CV4-1]Alm_Spare
OHCV,3779,2,[M43779][CV4-1]Alm_Spare
OHCV,3780,2,[M43780][CV4-2]馬達異常
OHCV,3781,2,[M43781][CV4-2]動作愈時異常
OHCV,3782,2,[M43782][CV4-2]重覆啟動異常
OHCV,3783,2,[M43783][CV4-2]OPR_RQ 警告
OHCV,3784,2,[M43784][CV4-2]電流值警報
OHCV,3785,2,[M43785][CV4-2]BatteryLow
OHCV,3786,2,[M43786][CV4-2]啟動硬體條件不成立
OHCV,3787,2,[M43787][CV4-2]Alm_Spare
OHCV,3788,2,[M43788][CV4-2]Alm_Spare
OHCV,3789,2,[M43789][CV4-2]Alm_Spare
OHCV,3790,2,[M43790][CV4-3]馬達異常
OHCV,3791,2,[M43791][CV4-3]動作愈時異常
OHCV,3792,2,[M43792][CV4-3]重覆啟動異常
OHCV,3793,2,[M43793][CV4-3]OPR_RQ 警告
OHCV,3794,2,[M43794][CV4-3]電流值警報
OHCV,3795,2,[M43795][CV4-3]BatteryLow
OHCV,3796,2,[M43796][CV4-3]啟動硬體條件不成立
OHCV,3797,2,[M43797][CV4-3]Alm_Spare
OHCV,3798,2,[M43798][CV4-3]Alm_Spare
OHCV,3799,2,[M43799][CV4-3]Alm_Spare
OHCV,3800,2,[M43800][CV1]異常
OHCV,3801,2,[M43801][CV1]動作愈時異常
OHCV,3802,2,[M43802][CV1]重覆啟動異常
OHCV,3803,2,[M43803][CV1]OPR_RQ 警告
OHCV,3804,2,[M43804][CV1]電流值警報
OHCV,3805,2,[M43805][CV1]BatteryLow
OHCV,3806,2,[M43806][CV1]啟動硬體條件不成立
OHCV,3807,2,[M43807][CV1]Alm_Spare
OHCV,3808,2,[M43808][CV1]Alm_Spare
OHCV,3809,2,[M43809][CV1]Alm_Spare
OHCV,3810,2,[M43810][CV2]異常
OHCV,3811,2,[M43811][CV2]動作愈時異常
OHCV,3812,2,[M43812][CV2]重覆啟動異常
OHCV,3813,2,[M43813][CV2]OPR_RQ 警告
OHCV,3814,2,[M43814][CV2]電流值警報
OHCV,3815,2,[M43815][CV2]BatteryLow
OHCV,3816,2,[M43816][CV2]啟動硬體條件不成立
OHCV,3817,2,[M43817][CV2]Alm_Spare
OHCV,3818,2,[M43818][CV2]Alm_Spare
OHCV,3819,2,[M43819][CV2]Alm_Spare
OHCV,3820,2,[M43820][CV3]異常
OHCV,3821,2,[M43821][CV3]動作愈時異常
OHCV,3822,2,[M43822][CV3]重覆啟動異常
OHCV,3823,2,[M43823][CV3]OPR_RQ 警告
OHCV,3824,2,[M43824][CV3]電流值警報
OHCV,3825,2,[M43825][CV3]BatteryLow
OHCV,3826,2,[M43826][CV3]啟動硬體條件不成立
OHCV,3827,2,[M43827][CV3]Alm_Spare
OHCV,3828,2,[M43828][CV3]Alm_Spare
OHCV,3829,2,[M43829][CV3]Alm_Spare
OHCV,3830,2,[M43830][CV4]異常
OHCV,3831,2,[M43831][CV4]動作愈時異常
OHCV,3832,2,[M43832][CV4]重覆啟動異常
OHCV,3833,2,[M43833][CV4]OPR_RQ 警告
OHCV,3834,2,[M43834][CV4]電流值警報
OHCV,3835,2,[M43835][CV4]BatteryLow
OHCV,3836,2,[M43836][CV4]啟動硬體條件不成立
OHCV,3837,2,[M43837][CV4]Alm_Spare
OHCV,3838,2,[M43838][CV4]Alm_Spare
OHCV,3839,2,[M43839][CV4]Alm_Spare
OHCV,3840,2,[M43840][CV5]異常
OHCV,3841,2,[M43841][CV5]動作愈時異常
OHCV,3842,2,[M43842][CV5]重覆啟動異常
OHCV,3843,2,[M43843][CV5]OPR_RQ 警告
OHCV,3844,2,[M43844][CV5]電流值警報
OHCV,3845,2,[M43845][CV5]BatteryLow
OHCV,3846,2,[M43846][CV5]啟動硬體條件不成立
OHCV,3847,2,[M43847][CV5]Alm_Spare
OHCV,3848,2,[M43848][CV5]Alm_Spare
OHCV,3849,2,[M43849][CV5]Alm_Spare
OHCV,3850,2,[M43850][CV6]異常
OHCV,3851,2,[M43851][CV6]動作愈時異常
OHCV,3852,2,[M43852][CV6]重覆啟動異常
OHCV,3853,2,[M43853][CV6]OPR_RQ 警告
OHCV,3854,2,[M43854][CV6]電流值警報
OHCV,3855,2,[M43855][CV6]BatteryLow
OHCV,3856,2,[M43856][CV6]啟動硬體條件不成立
OHCV,3857,2,[M43857][CV6]Alm_Spare
OHCV,3858,2,[M43858][CV6]Alm_Spare
OHCV,3859,2,[M43859][CV6]Alm_Spare
OHCV,3860,2,[M43860][CV7]異常
OHCV,3861,2,[M43861][CV7]動作愈時異常
OHCV,3862,2,[M43862][CV7]重覆啟動異常
OHCV,3863,2,[M43863][CV7]OPR_RQ 警告
OHCV,3864,2,[M43864][CV7]電流值警報
OHCV,3865,2,[M43865][CV7]BatteryLow
OHCV,3866,2,[M43866][CV7]啟動硬體條件不成立
OHCV,3867,2,[M43867][CV7]Alm_Spare
OHCV,3868,2,[M43868][CV7]Alm_Spare
OHCV,3869,2,[M43869][CV7]Alm_Spare
OHCV,5420,2,[M45420]交握T1 超時
OHCV,5421,2,[M45421]交握T2 超時
OHCV,5422,2,[M45422]交握T3 超時
OHCV,5423,2,[M45423]交握T4 超時
OHCV,5424,2,[M45424]交握T5 超時
OHCV,5425,2,[M45425]交握T6 超時
OHCV,9000,2,[M49000][C001]CCIE is disconnected
OHCV,9001,2,[M49001][C002]LCS Ready signal is off
OHCV,9002,2,[M49002][C003]MCS Ready signal is off
OHCV,9080,2,[M49080][C051]Stop Receiving Signal is O
OHCV,9100,2,[M49100][ES05]Report T1逾時
OHCV,9110,2,[M49110][EH03]->[HH03]T1逾時
OHCV,9111,2,[M49111][EH05]->[HH05]T1逾時
OHCV,9112,2,[M49112][EH07]->[HH07]T1逾時
OHCV,9113,2,[M49113][EH11]->[HH11]T1逾時
OHCV,9114,2,[M49114][EH15]->[HH15]T1逾時
OHCV,9115,2,[M49115][EH16]->[HH16]T1逾時
OHCV,9119,2,[M49119][EH02]->[HH02]T2逾時
OHCV,9120,2,[M49120][EH03]->[HH03]T2逾時
OHCV,9121,2,[M49121][EH05]->[HH05]T2逾時
OHCV,9122,2,[M49122][EH07]->[HH07]T2逾時
OHCV,9123,2,[M49123][EH11]->[HH11]T2逾時
OHCV,9124,2,[M49124][EH15]->[HH15]T2逾時
OHCV,9125,2,[M49125][EH16]->[HH16]T2逾時
OHCV,9129,2,[M49129][EH02]->[HH02]Bit OFF逾時
OHCV,9130,2,[M49130][EH03]->[HH03]Bit OFF逾時
OHCV,9131,2,[M49131][EH05]->[HH05]Bit OFF逾時
OHCV,9132,2,[M49132][EH07]->[HH07]Bit OFF逾時
OHCV,9133,2,[M49133][EH11]->[HH11]Bit OFF逾時
OHCV,9134,2,[M49134][EH15]->[HH15]Bit OFF逾時
OHCV,9135,2,[M49135][EH16]->[HH16]Bit OFF逾時
OHCV,9138,2,[M49138][HH17]Transfer Stop CMD From BC
OHCV,9139,2,[M49139][HH02]Glass ID Inquire Unused
OHCV,9140,2,[M49140][HH02]Glass ID Inquire NG
OHCV,9141,2,[M49141][HH03]Glass ID Request NG
OHCV,9142,2,[M49142][HH05]CST Data Upload HSK NG
OHCV,9143,2,[M49143][HH07]Second Verify RQ HSK NG
OHCV,9144,2,[M49144][HH11]Process Data Upload NG
OHCV,9145,2,[M49145][HH14]Process Stop Indicate NG
OHCV,9146,2,[M49146][HH16]Glass Out Data HSK NG
OHCV,9147,2,[M49147][HH16]Glass In Data HSK NG
OHCV,9148,2,[M49148][HH17]Transfer Stop Command NG
OHCV,9149,2,[M49149][HH18]Buffer Slot Command Indica
OHCV,9200,2,[M49200][ES05]BC Reply T2逾時
OHCV,9800,2,[M49800][VCR].ERR Module NO Ready'
OHCV,9801,2,[M49801][VCR].ERR Modele Error
OHCV,9802,2,[M49802][VCR].ERR Read Error[人員判斷]
OHCV,9803,2,[M49803][VCR].ERR 送信異常檢知
OHCV,9804,2,[M49804][VCR].ERR 送信等待愈時
OHCV,9805,2,[M49805][VCR].ERR 受信異常檢知
OHCV,9806,2,[M49806][VCR].ERR 受信等待愈時
OHCV,9807,2,[M49807][VCR].ERR 資料解析異常
OHCV,9808,2,[M49808][VCR].ERR CH Open愈時
OHCV,9809,2,[M49809][VCR].ERR Spare
OHCV,9810,2,[M49810][VCR].ERR Spare
OHCV,9811,2,[M49811][VCR].ERR Spare
OHCV,9812,2,[M49812][VCR].ERR Spare
OHCV,9813,2,[M49813][VCR].ERR Spare
OHCV,9814,2,[M49814][VCR].ERR Spare
OHCV,9815,2,[M49815][VCR].ERR Spare
OHCV,9900,2,[M49900]BCR#1   QJ71C24 NO_READY
OHCV,9901,2,[M49901]BCR#1   QJ71C24 ERROR
OHCV,9902,2,[M49902]BCR#1   READ    ERROR[人員判斷]
OHCV,9903,2,[M49903]BCR#1   送信異常檢知
OHCV,9904,2,[M49904]BCR#1   受信異常檢知
OHCV,9905,2,[M49905]BCR#1   受信等待愈時
OHCV,9906,2,[M49906]BCR#1   送信愈時
OHCV,9910,2,[M49910]BCR#2   QJ71C24 NO_READY
OHCV,9911,2,[M49911]BCR#2   QJ71C24 ERROR
OHCV,9912,2,[M49912]BCR#2   READ    ERROR[人員判斷]
OHCV,9913,2,[M49913]BCR#2   送信異常檢知
OHCV,9914,2,[M49914]BCR#2   受信異常檢知
OHCV,9915,2,[M49915]BCR#2   受信等待愈時
OHCV,9916,2,[M49916]BCR#2   送信愈時
OHCV,9920,2,[M49920]BCR#3   QJ71C24 NO_READY
OHCV,9921,2,[M49921]BCR#3   QJ71C24 ERROR
OHCV,9922,2,[M49922]BCR#3   READ    ERROR[人員判斷]
OHCV,9923,2,[M49923]BCR#3   送信異常檢知
OHCV,9924,2,[M49924]BCR#3   受信異常檢知
OHCV,9925,2,[M49925]BCR#3   受信等待愈時
OHCV,9926,2,[M49926]BCR#3   送信愈時
OHCV,9930,2,[M49930]BCR#4   QJ71C24 NO_READY
OHCV,9931,2,[M49931]BCR#4   QJ71C24 ERROR
OHCV,9932,2,[M49932]BCR#4   READ    ERROR[人員判斷]
OHCV,9933,2,[M49933]BCR#4   送信異常檢知
OHCV,9934,2,[M49934]BCR#4   受信異常檢知
OHCV,9935,2,[M49935]BCR#4   受信等待愈時
OHCV,9936,2,[M49936]BCR#4   送信愈時
OHCV,9940,2,[M49940]RFID#1   QJ71C24 NO_READY
OHCV,9941,2,[M49941]RFID#1   QJ71C24 ERROR
OHCV,9942,2,[M49942]RFID#1   READ    ERROR[人員判斷]
OHCV,9943,2,[M49943]RFID#1   送信異常檢知
OHCV,9944,2,[M49944]RFID#1   受信異常檢知
OHCV,9945,2,[M49945]RFID#1   受信等待愈時
OHCV,9946,2,[M49946]RFID#1   送信愈時
OHCV,9950,2,[M49950]RFID#2   QJ71C24 NO_READY
OHCV,9951,2,[M49951]RFID#2   QJ71C24 ERROR
OHCV,9952,2,[M49952]RFID#2   READ    ERROR[人員判斷]
OHCV,9953,2,[M49953]RFID#2   送信異常檢知
OHCV,9954,2,[M49954]RFID#2   受信異常檢知
OHCV,9955,2,[M49955]RFID#2   受信等待愈時
OHCV,9956,2,[M49956]RFID#2   送信愈時
OHCV,9960,2,[M49960]RFID#3   QJ71C24 NO_READY
OHCV,9961,2,[M49961]RFID#3   QJ71C24 ERROR
OHCV,9962,2,[M49962]RFID#3   READ    ERROR[人員判斷]
OHCV,9963,2,[M49963]RFID#3   送信異常檢知
OHCV,9964,2,[M49964]RFID#3   受信異常檢知
OHCV,9965,2,[M49965]RFID#3   受信等待愈時
OHCV,9966,2,[M49966]RFID#3   送信愈時
OHCV,9970,2,[M49970]RFID#4   QJ71C24 NO_READY
OHCV,9971,2,[M49971]RFID#4   QJ71C24 ERROR
OHCV,9972,2,[M49972]RFID#4   READ    ERROR[人員判斷]
OHCV,9973,2,[M49973]RFID#4   送信異常檢知
OHCV,9974,2,[M49974]RFID#4   受信異常檢知
OHCV,9975,2,[M49975]RFID#4   受信等待愈時
OHCV,9976,2,[M49976]RFID#4   送信愈時
AGV STATION,1,1,[M40001][SYS_A]
AGV STATION,2,1,[M40002][SYS_A]Interlock
AGV STATION,3,1,[M40003][SYS_A]AIR Low
AGV STATION,4,1,[M40004][SYS_A]Vaccum Low
AGV STATION,5,1,[M40005][SYS_A]Light Gate ON
AGV STATION,10,1,[M40010][SYS_A]P7 GlassIndex ERROR
AGV STATION,11,1,[M40011][SYS_A]P9 GlassIndex ERROR
AGV STATION,20,1,[M40020][SYS_A]EMO觸發_MAIN
AGV STATION,21,1,[M40021][SYS_A]EMO觸發_AGV Station
AGV STATION,22,1,[M40022][SYS_A]EMO觸發_手持人機
AGV STATION,100,2,[M40100][SYS_W]運轉入 未啟動
AGV STATION,101,2,[M40101][SYS_W]Block#1 Local Ctrl Mode
AGV STATION,102,2,[M40102][SYS_W]Block#2 Local Ctrl Mode
AGV STATION,103,2,[M40103][SYS_W]Block#3 Local Ctrl Mode
AGV STATION,104,2,[M40104][SYS_W]Block#4 Local Ctrl Mode
AGV STATION,105,2,[M40105][SYS_W]CtrlMode Sys&Blk#1相異
AGV STATION,106,2,[M40106][SYS_W]CtrlMode Sys&Blk#2相異
AGV STATION,107,2,[M40107][SYS_W]CtrlMode Sys&Blk#3相異
AGV STATION,108,2,[M40108][SYS_W]CtrlMode Sys&Blk#4相異
AGV STATION,109,2,[M40109][SYS_W]PLC     Batter  Low
AGV STATION,110,2,[M40110][SYS_W]CC_LINK Link_ERR
AGV STATION,111,2,[M40111][SYS_W]IE Field#1通信異常(OHT)
AGV STATION,112,2,[M40112][SYS_W]IE Field#2通信異常(Loop)
AGV STATION,113,2,[M40113][SYS_W]維修模式中
AGV STATION,114,2,[M40114][SYS_W]HISTORY表單超出範圍
AGV STATION,115,2,[M40115][SYS_W]CIM     Message
AGV STATION,116,2,[M40116][SYS_W]SV群組設定超出範圍
AGV STATION,117,2,[M40117][SYS_W]Block#5 Local Ctrl Mode
AGV STATION,118,2,[M40118][SYS_W]CtrlMode Sys&Blk#5相異
AGV STATION,199,2,[M40199][SYS_W]回報暫存ZR總量超出範圍
AGV STATION,200,2,[M40200][Port1]BOX Without Data
AGV STATION,201,2,[M40201][Port1]Data Without BOX
AGV STATION,202,2,[M40202][Port1]受入超時
AGV STATION,203,2,[M40203][Port1]送出超時
AGV STATION,204,2,[M40204][Port1]位置1超時
AGV STATION,205,2,[M40205][Port1]位置2超時
AGV STATION,206,2,[M40206][Port1]位置3超時
AGV STATION,207,2,[M40207][Port1]位置4超時
AGV STATION,208,2,[M40208][Port1]位置5超時
AGV STATION,209,2,[M40209][Port1]位置6超時
AGV STATION,210,2,[M40210][Port1]位置7超時
AGV STATION,211,2,[M40211][Port1]位置8超時
AGV STATION,212,2,[M40212][Port1]位置9超時
AGV STATION,213,2,[M40213][Port1]位置10超時
AGV STATION,214,2,[M40214][Port1]位置11超時
AGV STATION,215,2,[M40215][Port1]位置12超時
AGV STATION,216,2,[M40216][Port1]  0度超時
AGV STATION,217,2,[M40217][Port1] 90度超時
AGV STATION,218,2,[M40218][Port1]180度超時
AGV STATION,219,2,[M40219][Port1]270度超時
AGV STATION,220,2,[M40220][Port1]Lift/PIN上位超時
AGV STATION,221,2,[M40221][Port1]Lift/PIN下位超時
AGV STATION,222,2,[M40222][Port1]CST Without Data
AGV STATION,223,2,[M40223][Port1]Data Without CST
AGV STATION,224,2,[M40224][Port1]BOX位置異常
AGV STATION,226,2,[M40226][Port1]真空吸超時
AGV STATION,227,2,[M40227][Port1]真空破超時
AGV STATION,228,2,[M40228][Port1]電動缸位置1超時
AGV STATION,229,2,[M40229][Port1]電動缸位置2超時
AGV STATION,230,2,[M40230][Port1]電動缸位置3超時
AGV STATION,231,2,[M40231][Port1]電動缸位置4超時
AGV STATION,232,2,[M40232][Port1]上游異常進入
AGV STATION,233,2,[M40233][Port1]下游異常進入
AGV STATION,234,2,[M40234][Port1]維修門開啟
AGV STATION,235,2,[M40235][Port1]任務動作重複
AGV STATION,236,2,[M40236][Port1]空運轉有物
AGV STATION,237,2,[M40237][Port1]動作超時
AGV STATION,238,2,[M40238][Port1]動作超時
AGV STATION,239,2,[M40239][Port1]動作超時
AGV STATION,240,2,[M40240][Port1]上游交握異常
AGV STATION,241,2,[M40241][Port1]下游交握異常
AGV STATION,243,2,[M40243][Port1]受入定位超時
AGV STATION,244,2,[M40244][Port1]程序動作超時
AGV STATION,245,2,[M40245][Port1]動作任務重複
AGV STATION,250,2,[M40250][Port1]動力未啟動
AGV STATION,258,2,[M40258][Port1]位置1Sensor未ON
AGV STATION,259,2,[M40259][Port1]位置2Sensor未ON
AGV STATION,260,2,[M40260][Port1]位置3Sensor未ON
AGV STATION,261,2,[M40261][Port1]位置4Sensor未ON
AGV STATION,262,2,[M40262][Port1]位置5Sensor未ON
AGV STATION,263,2,[M40263][Port1]位置6Sensor未ON
AGV STATION,264,2,[M40264][Port1]位置7Sensor未ON
AGV STATION,265,2,[M40265][Port1]位置8Sensor未ON
AGV STATION,266,2,[M40266][Port1]  0度Sensor未ON
AGV STATION,267,2,[M40267][Port1] 90度Sensor未ON
AGV STATION,268,2,[M40268][Port1]180度Sensor未ON
AGV STATION,269,2,[M40269][Port1]270度Sensor未ON
AGV STATION,278,2,[M40278][Port1]電動缸位置1Sensor未ON
AGV STATION,279,2,[M40279][Port1]電動缸位置2Sensor未ON
AGV STATION,280,2,[M40280][Port1]電動缸位置3Sensor未ON
AGV STATION,281,2,[M40281][Port1]電動缸位置4Sensor未ON
AGV STATION,300,2,[M40300][Port2]BOX Without Data
AGV STATION,301,2,[M40301][Port2]Data Without BOX
AGV STATION,302,2,[M40302][Port2]受入超時
AGV STATION,303,2,[M40303][Port2]送出超時
AGV STATION,304,2,[M40304][Port2]位置1超時
AGV STATION,305,2,[M40305][Port2]位置2超時
AGV STATION,306,2,[M40306][Port2]位置3超時
AGV STATION,307,2,[M40307][Port2]位置4超時
AGV STATION,308,2,[M40308][Port2]位置5超時
AGV STATION,309,2,[M40309][Port2]位置6超時
AGV STATION,310,2,[M40310][Port2]位置7超時
AGV STATION,311,2,[M40311][Port2]位置8超時
AGV STATION,312,2,[M40312][Port2]位置9超時
AGV STATION,313,2,[M40313][Port2]位置10超時
AGV STATION,314,2,[M40314][Port2]位置11超時
AGV STATION,315,2,[M40315][Port2]位置12超時
AGV STATION,316,2,[M40316][Port2]  0度超時
AGV STATION,317,2,[M40317][Port2] 90度超時
AGV STATION,318,2,[M40318][Port2]180度超時
AGV STATION,319,2,[M40319][Port2]270度超時
AGV STATION,320,2,[M40320][Port2]Lift/PIN上位超時
AGV STATION,321,2,[M40321][Port2]Lift/PIN下位超時
AGV STATION,322,2,[M40322][Port2]CST Without Data
AGV STATION,323,2,[M40323][Port2]Data Without CST
AGV STATION,324,2,[M40324][Port2]BOX位置異常
AGV STATION,325,2,[M40325][Port2]
AGV STATION,326,2,[M40326][Port2]真空吸超時
AGV STATION,327,2,[M40327][Port2]真空破超時
AGV STATION,328,2,[M40328][Port2]電動缸位置1超時
AGV STATION,329,2,[M40329][Port2]電動缸位置2超時
AGV STATION,330,2,[M40330][Port2]電動缸位置3超時
AGV STATION,331,2,[M40331][Port2]電動缸位置4超時
AGV STATION,332,2,[M40332][Port2]上游異常進入
AGV STATION,333,2,[M40333][Port2]下游異常進入
AGV STATION,334,2,[M40334][Port2]維修門開啟
AGV STATION,335,2,[M40335][Port2]任務動作重複
AGV STATION,336,2,[M40336][Port2]空運轉有物
AGV STATION,337,2,[M40337][Port2]動作超時
AGV STATION,338,2,[M40338][Port2]動作超時
AGV STATION,339,2,[M40339][Port2]動作超時
AGV STATION,340,2,[M40340][Port2]上游交握異常
AGV STATION,341,2,[M40341][Port2]下游交握異常
AGV STATION,342,2,[M40342][Port2]
AGV STATION,343,2,[M40343][Port2]受入定位超時
AGV STATION,344,2,[M40344][Port2]程序動作超時
AGV STATION,345,2,[M40345][Port2]動作任務重複
AGV STATION,350,2,[M40350][Port2]動力未啟動
AGV STATION,358,2,[M40358][Port2]位置1Sensor未ON
AGV STATION,359,2,[M40359][Port2]位置2Sensor未ON
AGV STATION,360,2,[M40360][Port2]位置3Sensor未ON
AGV STATION,361,2,[M40361][Port2]位置4Sensor未ON
AGV STATION,362,2,[M40362][Port2]位置5Sensor未ON
AGV STATION,363,2,[M40363][Port2]位置6Sensor未ON
AGV STATION,364,2,[M40364][Port2]位置7Sensor未ON
AGV STATION,365,2,[M40365][Port2]位置8Sensor未ON
AGV STATION,366,2,[M40366][Port2]  0度Sensor未ON
AGV STATION,367,2,[M40367][Port2] 90度Sensor未ON
AGV STATION,368,2,[M40368][Port2]180度Sensor未ON
AGV STATION,369,2,[M40369][Port2]270度Sensor未ON
AGV STATION,378,2,[M40378][Port2]電動缸位置1Sensor未ON
AGV STATION,379,2,[M40379][Port2]電動缸位置2Sensor未ON
AGV STATION,380,2,[M40380][Port2]電動缸位置3Sensor未ON
AGV STATION,381,2,[M40381][Port2]電動缸位置4Sensor未ON
AGV STATION,400,2,[M40400][Port3]BOX Without Data
AGV STATION,401,2,[M40401][Port3]Data Without BOX
AGV STATION,402,2,[M40402][Port3]受入超時
AGV STATION,403,2,[M40403][Port3]送出超時
AGV STATION,404,2,[M40404][Port3]位置1超時
AGV STATION,405,2,[M40405][Port3]位置2超時
AGV STATION,406,2,[M40406][Port3]位置3超時
AGV STATION,407,2,[M40407][Port3]位置4超時
AGV STATION,408,2,[M40408][Port3]位置5超時
AGV STATION,409,2,[M40409][Port3]位置6超時
AGV STATION,410,2,[M40410][Port3]位置7超時
AGV STATION,411,2,[M40411][Port3]位置8超時
AGV STATION,412,2,[M40412][Port3]位置9超時
AGV STATION,413,2,[M40413][Port3]位置10超時
AGV STATION,414,2,[M40414][Port3]位置11超時
AGV STATION,415,2,[M40415][Port3]位置12超時
AGV STATION,416,2,[M40416][Port3]  0度超時
AGV STATION,417,2,[M40417][Port3] 90度超時
AGV STATION,418,2,[M40418][Port3]180度超時
AGV STATION,419,2,[M40419][Port3]270度超時
AGV STATION,420,2,[M40420][Port3]Lift/PIN上位超時
AGV STATION,421,2,[M40421][Port3]Lift/PIN下位超時
AGV STATION,422,2,[M40422][Port3]CST Without Data
AGV STATION,423,2,[M40423][Port3]Data Without CST
AGV STATION,424,2,[M40424][Port3]BOX位置異常
AGV STATION,426,2,[M40426][Port3]真空吸超時
AGV STATION,427,2,[M40427][Port3]真空破超時
AGV STATION,428,2,[M40428][Port3]電動缸位置1超時
AGV STATION,429,2,[M40429][Port3]電動缸位置2超時
AGV STATION,430,2,[M40430][Port3]電動缸位置3超時
AGV STATION,431,2,[M40431][Port3]電動缸位置4超時
AGV STATION,432,2,[M40432][Port3]上游異常進入
AGV STATION,433,2,[M40433][Port3]下游異常進入
AGV STATION,434,2,[M40434][Port3]維修門開啟
AGV STATION,435,2,[M40435][Port3]任務動作重複
AGV STATION,436,2,[M40436][Port3]空運轉有物
AGV STATION,437,2,[M40437][Port3]動作超時
AGV STATION,438,2,[M40438][Port3]動作超時
AGV STATION,439,2,[M40439][Port3]動作超時
AGV STATION,440,2,[M40440][Port3]上游交握異常
AGV STATION,441,2,[M40441][Port3]下游交握異常
AGV STATION,443,2,[M40443][Port3]受入定位超時
AGV STATION,444,2,[M40444][Port3]程序動作超時
AGV STATION,445,2,[M40445][Port3]動作任務重複
AGV STATION,450,2,[M40450][Port3]動力未啟動
AGV STATION,458,2,[M40458][Port3]位置1Sensor未ON
AGV STATION,459,2,[M40459][Port3]位置2Sensor未ON
AGV STATION,460,2,[M40460][Port3]位置3Sensor未ON
AGV STATION,461,2,[M40461][Port3]位置4Sensor未ON
AGV STATION,462,2,[M40462][Port3]位置5Sensor未ON
AGV STATION,463,2,[M40463][Port3]位置6Sensor未ON
AGV STATION,464,2,[M40464][Port3]位置7Sensor未ON
AGV STATION,465,2,[M40465][Port3]位置8Sensor未ON
AGV STATION,466,2,[M40466][Port3]  0度Sensor未ON
AGV STATION,467,2,[M40467][Port3] 90度Sensor未ON
AGV STATION,468,2,[M40468][Port3]180度Sensor未ON
AGV STATION,469,2,[M40469][Port3]270度Sensor未ON
AGV STATION,478,2,[M40478][Port3]電動缸位置1Sensor未ON
AGV STATION,479,2,[M40479][Port3]電動缸位置2Sensor未ON
AGV STATION,480,2,[M40480][Port3]電動缸位置3Sensor未ON
AGV STATION,481,2,[M40481][Port3]電動缸位置4Sensor未ON
AGV STATION,500,2,[M40500][Port4]BOX Without Data
AGV STATION,501,2,[M40501][Port4]Data Without BOX
AGV STATION,502,2,[M40502][Port4]受入超時
AGV STATION,503,2,[M40503][Port4]送出超時
AGV STATION,504,2,[M40504][Port4]位置1超時
AGV STATION,505,2,[M40505][Port4]位置2超時
AGV STATION,506,2,[M40506][Port4]位置3超時
AGV STATION,507,2,[M40507][Port4]位置4超時
AGV STATION,508,2,[M40508][Port4]位置5超時
AGV STATION,509,2,[M40509][Port4]位置6超時
AGV STATION,510,2,[M40510][Port4]位置7超時
AGV STATION,511,2,[M40511][Port4]位置8超時
AGV STATION,512,2,[M40512][Port4]位置9超時
AGV STATION,513,2,[M40513][Port4]位置10超時
AGV STATION,514,2,[M40514][Port4]位置11超時
AGV STATION,515,2,[M40515][Port4]位置12超時
AGV STATION,516,2,[M40516][Port4]  0度超時
AGV STATION,517,2,[M40517][Port4] 90度超時
AGV STATION,518,2,[M40518][Port4]180度超時
AGV STATION,519,2,[M40519][Port4]270度超時
AGV STATION,520,2,[M40520][Port4]Lift/PIN上位超時
AGV STATION,521,2,[M40521][Port4]Lift/PIN下位超時
AGV STATION,522,2,[M40522][Port4]CST Without Data
AGV STATION,523,2,[M40523][Port4]Data Without CST
AGV STATION,524,2,[M40524][Port4]BOX位置異常
AGV STATION,526,2,[M40526][Port4]真空吸超時
AGV STATION,527,2,[M40527][Port4]真空破超時
AGV STATION,528,2,[M40528][Port4]電動缸位置1超時
AGV STATION,529,2,[M40529][Port4]電動缸位置2超時
AGV STATION,530,2,[M40530][Port4]電動缸位置3超時
AGV STATION,531,2,[M40531][Port4]電動缸位置4超時
AGV STATION,532,2,[M40532][Port4]上游異常進入
AGV STATION,533,2,[M40533][Port4]下游異常進入
AGV STATION,534,2,[M40534][Port4]維修門開啟
AGV STATION,535,2,[M40535][Port4]任務動作重複
AGV STATION,536,2,[M40536][Port4]空運轉有物
AGV STATION,537,2,[M40537][Port4]動作超時
AGV STATION,538,2,[M40538][Port4]動作超時
AGV STATION,539,2,[M40539][Port4]動作超時
AGV STATION,540,2,[M40540][Port4]上游交握異常
AGV STATION,541,2,[M40541][Port4]下游交握異常
AGV STATION,543,2,[M40543][Port4]受入定位超時
AGV STATION,544,2,[M40544][Port4]程序動作超時
AGV STATION,545,2,[M40545][Port4]動作任務重複
AGV STATION,550,2,[M40550][Port4]動力未啟動
AGV STATION,558,2,[M40558][Port4]位置1Sensor未ON
AGV STATION,559,2,[M40559][Port4]位置2Sensor未ON
AGV STATION,560,2,[M40560][Port4]位置3Sensor未ON
AGV STATION,561,2,[M40561][Port4]位置4Sensor未ON
AGV STATION,562,2,[M40562][Port4]位置5Sensor未ON
AGV STATION,563,2,[M40563][Port4]位置6Sensor未ON
AGV STATION,564,2,[M40564][Port4]位置7Sensor未ON
AGV STATION,565,2,[M40565][Port4]位置8Sensor未ON
AGV STATION,566,2,[M40566][Port4]  0度Sensor未ON
AGV STATION,567,2,[M40567][Port4] 90度Sensor未ON
AGV STATION,568,2,[M40568][Port4]180度Sensor未ON
AGV STATION,569,2,[M40569][Port4]270度Sensor未ON
AGV STATION,578,2,[M40578][Port4]電動缸位置1Sensor未ON
AGV STATION,579,2,[M40579][Port4]電動缸位置2Sensor未ON
AGV STATION,580,2,[M40580][Port4]電動缸位置3Sensor未ON
AGV STATION,581,2,[M40581][Port4]電動缸位置4Sensor未ON
AGV STATION,8630,2,[m28630]L/U_REQ On->TR_REQ ON TPor
AGV STATION,8631,2,[m28631]TR_Req On ->Busy ON TP2愈
AGV STATION,8632,2,[m28632]Busy On->CARRIER檢測 TP3愈
AGV STATION,8633,2,[m28633]U_REQ OFF->Busy OFF TP4愈
AGV STATION,8634,2,[m28634]Ready OFF->Valid OFF TP5愈
AGV STATION,8635,2,[m28635]Valid OFF->VALID OFF TP6愈
CRANE,89000,1,Double Storage
CRANE,89001,1,Empty Retrieval
CRANE,99999,2,OHT is offline
CRANE,99990,2,OHT rejects command repeatedly
CRANE,111001,2,Fail to initial motor command position
CRANE,111002,2,Fail to determine the direction of the vehicle
CRANE,111003,2,Fail to determine the original Section of the vehicle
CRANE,111004,2,Fail to calculate the positon correction
CRANE,111005,2,Fail to reserve the moving section
CRANE,111006,2,Fail to calculate the distance of moving
CRANE,111007,2,Fail to calculate the parameter of moving
CRANE,111008,2,Fail to control the moving (vehicle)
CRANE,111009,2,Fail to check the area sensor state
CRANE,111010,2,Fail to pause the moving (motor)
CRANE,111011,2,Fail to resume the moving (motor)
CRANE,111012,2,Fail to correct the positon
CRANE,111013,2,timeout for communication about the moving section data of the reservation
CRANE,111014,2,error in moving section data of the reservation
CRANE,111015,2,fail to set the parameter of section type
CRANE,111016,2,Vehicle data for moving dose not exist
CRANE,111017,2,error in moving section data
CRANE,111018,2,Fail to control the moving motion (motor)
CRANE,111019,2,There is no address for moving
CRANE,111020,2,The start section do not match the section now
CRANE,111021,2,Fail to calculate the positon correction
CRANE,111022,2,The positon correction is too long
CRANE,111023,2,Jaws does not ready to be used
CRANE,111024,2,OHBC reply nothing for event report
CRANE,111025,2,Fail to get the Sick barcode
CRANE,111099,2,Exception in the moving process
CRANE,121001,2,Area sensor parameter does not exist
CRANE,121002,2,Fail to set the area sensor parameter
CRANE,121003,2,Fail in the back area sensor process
CRANE,121004,2,Fail to check the front area sensor state
CRANE,121005,2,Fail in the front area sensor process
CRANE,121006,2,Fail to check the back area sensor state
CRANE,121007,2,Area sensor actived & Fail to stop (Emergency) 
CRANE,121008,2,Area sensor actived & Fail to stop (Common)
CRANE,121009,2,Area sensor actived & Timeout for stop
CRANE,121010,2,Area sensor actived & Fail to reduce the velocity
CRANE,121011,2,Area sensor actived & Fail to stop the motor (Emergency) 
CRANE,121012,2,Area sensor actived & Fail to stop the motor (Common)
CRANE,121013,2,Area sensor actived & Fail to change the motor velocity
CRANE,121014,2,Fail to set the area sensor IO parameter
CRANE,121015,2,High Temputre alarm for moving motor
CRANE,121016,2,High Temputre alarm for moving driver
CRANE,121017,2,High Temputre alarm for hoisting motor
CRANE,122015,1,High Temputre memo for moving motor
CRANE,122016,1,High Temputre memo for moving driver
CRANE,122017,1,High Temputre memo for hoisting motor
CRANE,121099,2,Exception in the area sensor process
CRANE,131001,2,System emergency stop
CRANE,131002,2,The motor used for moving was abnormal
CRANE,131003,2,The motor used for jaws lateral moving were abnormal
CRANE,131004,2,The motor used for jaws hoist moving were abnormal
CRANE,131005,2,The motor used for jaws grabbing were abnormal
CRANE,131099,2,Exception in the command handling process
CRANE,311001,2,Error in the vehicle mounted station
CRANE,311002,2,A foreign object in the anti-dropping detecting process
CRANE,311003,2,Jaws isn't in the home position
CRANE,311004,2,Error in the carrier position before hoist moving
CRANE,311005,2,Timeout for lateraling excursion
CRANE,311006,2,Timeout for hoisting
CRANE,311007,2,Error in check box sensors before the jaws going
CRANE,311008,2,Timeout for jaws closing
CRANE,311009,2,Timeout for jaws opening
CRANE,311010,2,Fail to getting hoist in position
CRANE,311011,2,Error Position while Loading
CRANE,311012,2,Error Position while Unloading
CRANE,311013,2,Error in the carrier position before lateral moving
CRANE,321001,2,There is a belt rewind
CRANE,321002,2,X129_vehicle mounted station's runout sensors turn ON
CRANE,321003,2,X400/X405_Error in belt tension
CRANE,321007,2,X401/X404_Error in checking box sensor turns ON
CRANE,331001,2,X114_ail to threw out the back anti-dropping device
CRANE,331002,2,X117_Fail to threw out the front anti-dropping device
CRANE,331003,2,X115_Fail to take back the back anti-dropping device
CRANE,331004,2,X118_Fail to take back the front anti-dropping device
CRANE,331005,2,Fail to getting lateraling excursion in position
CRANE,331007,2,Fail to control the Z-axis
CRANE,331008,2,Fail to going jaws
CRANE,331012,2,Fail to run the lateral excursion
CRANE,332007,1,X407_Warning in checking box sensor turns ON
CRANE,332010,1,EmptyRetrieval[Error in OHB box detecter]
CRANE,332011,1,DoubleStorage[Error in OHB box detecter]
CRANE,411001,2,HPIO setting error for ID/CH
CRANE,411003,2,Emergency Stop with Passive equipment ES signal
CRANE,411004,2,CS0/CS1 signal did not turn ON
CRANE,411012,2,Carrier was not detected/removed within specified time.[TP3 Timeout]
CRANE,411013,2,BUSY signal did not turn OFF within specified time.[TP4 Timeout]
CRANE,412001,1,VALID signal did not turn ON within specified time.[TD0 Timeout]
CRANE,412002,1,L_REQ/U_REQ signal did not turn ON within specified time.[TA1 timeout]
CRANE,412003,1,TR_REQ signal did not turn ON within specified time.[TP1 Timeout]
CRANE,412004,1,READY signal did not turn ON within specified time.[TA2 Timeout]
CRANE,412005,1,BUSY signal did not turn ON within specified time.[TP2 Timeout]
CRANE,412006,1,READY signal did not turn OFF within specified time.[TA3 Timeout]
CRANE,412007,1,VALID signal did not turn OFF within specified time.[TP5 Timeout]
CRANE,412008,1,VALID signal did not turn ON within specified time.[TD1 Timeout]
CRANE,412009,1,GO signal did not turn ON within specified time.
CRANE,412010,1,InterLockNG Before BUSY turn ON
CRANE,412011,1,Port error with Passive equipment HO_AVBL signal
CRANE,412012,1,L_REQ/U_REQ turn ON before VALID turn ON
CRANE,412014,1,Fail to change the PIO signals
CRANE,70001,2,Master PLC network request timed out
OHCV,100013,1,PORT_BOXID_READ_FAIL
OHCV,100014,1,PORT_CSTID_READ_FAIL
AGV STATION,100013,1,PORT_BOXID_READ_FAIL
AGV STATION,100014,1,PORT_CSTID_READ_FAIL
CRANE,100013,1,PORT_BOXID_READ_FAIL
CRANE,100014,1,PORT_CSTID_READ_FAIL